id;title;description;topic
1;Brand;Kiribati Cambridgeshire incremental;withdrawal Glen Plastic
2;Granite Investment;Ergonomic USB input;ubiquitous
3;Buckinghamshire Fish;Gorgeous;drive
4;Response open-source;utilize;withdrawal
5;Market transmit utilisation;Awesome ivory;web-readiness facilitate orchid
6;back;red Account Way;payment calculate Practical
7;Electronics firewall;asynchronous Dam;Pound Mouse supply-chains
8;De-engineered green Down-sized;experiences zero reintermediate;Bike system Riyal
9;loyalty;Tactics;transmitting Bedfordshire
10;sensor;Clothing Strategist Kip;Granite
